"filename", "language", "PostCSS", "JavaScript", "XML", "comment", "blank", "total"
"c:\Users\HP\Documents\Courses\react.js\trendy-blog\src\App.css", "PostCSS", 34, 0, 0, 5, 7, 46
"c:\Users\HP\Documents\Courses\react.js\trendy-blog\src\App.js", "JavaScript", 0, 42, 0, 0, 4, 46
"c:\Users\HP\Documents\Courses\react.js\trendy-blog\src\components\auth\recover-password.js", "JavaScript", 0, 180, 0, 1, 18, 199
"c:\Users\HP\Documents\Courses\react.js\trendy-blog\src\components\auth\set-name.js", "JavaScript", 0, 155, 0, 0, 19, 174
"c:\Users\HP\Documents\Courses\react.js\trendy-blog\src\components\auth\sign in\SignIn.css", "PostCSS", 169, 0, 0, 63, 34, 266
"c:\Users\HP\Documents\Courses\react.js\trendy-blog\src\components\auth\sign in\SignIn.js", "JavaScript", 0, 215, 0, 85, 35, 335
"c:\Users\HP\Documents\Courses\react.js\trendy-blog\src\components\feedback form\feedback-form.js", "JavaScript", 0, 411, 0, 0, 22, 433
"c:\Users\HP\Documents\Courses\react.js\trendy-blog\src\components\navbar\Nav.css", "PostCSS", 45, 0, 0, 0, 7, 52
"c:\Users\HP\Documents\Courses\react.js\trendy-blog\src\components\navbar\Nav.js", "JavaScript", 0, 27, 0, 0, 6, 33
"c:\Users\HP\Documents\Courses\react.js\trendy-blog\src\components\notifications\date-seperator.js", "JavaScript", 0, 28, 0, 0, 6, 34
"c:\Users\HP\Documents\Courses\react.js\trendy-blog\src\components\notifications\notif-item.js", "JavaScript", 0, 90, 0, 0, 10, 100
"c:\Users\HP\Documents\Courses\react.js\trendy-blog\src\components\onboarding\onboarding.js", "JavaScript", 0, 23, 0, 0, 6, 29
"c:\Users\HP\Documents\Courses\react.js\trendy-blog\src\components\post\Post.css", "PostCSS", 334, 0, 0, 2, 56, 392
"c:\Users\HP\Documents\Courses\react.js\trendy-blog\src\components\post\Post.js", "JavaScript", 0, 216, 0, 2, 25, 243
"c:\Users\HP\Documents\Courses\react.js\trendy-blog\src\components\post\drafts-post.js", "JavaScript", 0, 101, 0, 49, 12, 162
"c:\Users\HP\Documents\Courses\react.js\trendy-blog\src\components\post\list-view-post.css", "PostCSS", 341, 0, 0, 2, 56, 399
"c:\Users\HP\Documents\Courses\react.js\trendy-blog\src\components\post\list-view-post.js", "JavaScript", 0, 125, 0, 0, 16, 141
"c:\Users\HP\Documents\Courses\react.js\trendy-blog\src\components\settings\Account.js", "JavaScript", 0, 450, 0, 4, 30, 484
"c:\Users\HP\Documents\Courses\react.js\trendy-blog\src\components\settings\DangerZone.js", "JavaScript", 0, 82, 0, 13, 8, 103
"c:\Users\HP\Documents\Courses\react.js\trendy-blog\src\components\settings\DeleteAccountModel.js", "JavaScript", 0, 132, 0, 3, 11, 146
"c:\Users\HP\Documents\Courses\react.js\trendy-blog\src\components\settings\DeletePostsModel.js", "JavaScript", 0, 131, 0, 3, 11, 145
"c:\Users\HP\Documents\Courses\react.js\trendy-blog\src\components\settings\Input.js", "JavaScript", 0, 74, 0, 0, 8, 82
"c:\Users\HP\Documents\Courses\react.js\trendy-blog\src\components\settings\NotifItem.js", "JavaScript", 0, 59, 0, 0, 5, 64
"c:\Users\HP\Documents\Courses\react.js\trendy-blog\src\components\settings\Notifications.js", "JavaScript", 0, 132, 0, 0, 12, 144
"c:\Users\HP\Documents\Courses\react.js\trendy-blog\src\components\settings\SectionHeader.js", "JavaScript", 0, 26, 0, 0, 4, 30
"c:\Users\HP\Documents\Courses\react.js\trendy-blog\src\components\settings\log-out.js", "JavaScript", 0, 150, 0, 0, 16, 166
"c:\Users\HP\Documents\Courses\react.js\trendy-blog\src\components\sidebar\NavGroupe.js", "JavaScript", 0, 31, 0, 0, 6, 37
"c:\Users\HP\Documents\Courses\react.js\trendy-blog\src\components\sidebar\NavItem.js", "JavaScript", 0, 60, 0, 0, 7, 67
"c:\Users\HP\Documents\Courses\react.js\trendy-blog\src\components\sidebar\Sidebar.js", "JavaScript", 0, 68, 0, 0, 5, 73
"c:\Users\HP\Documents\Courses\react.js\trendy-blog\src\components\sidebar\SidebarSection.js", "JavaScript", 0, 20, 0, 0, 5, 25
"c:\Users\HP\Documents\Courses\react.js\trendy-blog\src\components\ui\coming-soon.js", "JavaScript", 0, 69, 0, 0, 5, 74
"c:\Users\HP\Documents\Courses\react.js\trendy-blog\src\components\ui\confirmationModel.js", "JavaScript", 0, 75, 0, 0, 8, 83
"c:\Users\HP\Documents\Courses\react.js\trendy-blog\src\components\ui\loader.js", "JavaScript", 0, 41, 0, 0, 5, 46
"c:\Users\HP\Documents\Courses\react.js\trendy-blog\src\components\ui\notify.js", "JavaScript", 0, 52, 0, 0, 5, 57
"c:\Users\HP\Documents\Courses\react.js\trendy-blog\src\components\ui\picture-preview.js", "JavaScript", 0, 55, 0, 24, 8, 87
"c:\Users\HP\Documents\Courses\react.js\trendy-blog\src\components\ui\primary\PrimaryLink.js", "JavaScript", 0, 34, 0, 0, 5, 39
"c:\Users\HP\Documents\Courses\react.js\trendy-blog\src\components\ui\search\Search.css", "PostCSS", 52, 0, 0, 0, 7, 59
"c:\Users\HP\Documents\Courses\react.js\trendy-blog\src\components\ui\search\Search.js", "JavaScript", 0, 54, 0, 0, 6, 60
"c:\Users\HP\Documents\Courses\react.js\trendy-blog\src\components\ui\switch\Switch.js", "JavaScript", 0, 64, 0, 0, 4, 68
"c:\Users\HP\Documents\Courses\react.js\trendy-blog\src\components\ui\theme\Theme.js", "JavaScript", 0, 49, 0, 0, 6, 55
"c:\Users\HP\Documents\Courses\react.js\trendy-blog\src\data\navigation.js", "JavaScript", 0, 78, 0, 35, 3, 116
"c:\Users\HP\Documents\Courses\react.js\trendy-blog\src\data\notifications-list.js", "JavaScript", 0, 38, 0, 0, 4, 42
"c:\Users\HP\Documents\Courses\react.js\trendy-blog\src\data\stats.js", "JavaScript", 0, 27, 0, 0, 3, 30
"c:\Users\HP\Documents\Courses\react.js\trendy-blog\src\hooks\db\useBlogActions.js", "JavaScript", 0, 21, 0, 0, 8, 29
"c:\Users\HP\Documents\Courses\react.js\trendy-blog\src\hooks\db\useCreateBlog.js", "JavaScript", 0, 55, 0, 0, 14, 69
"c:\Users\HP\Documents\Courses\react.js\trendy-blog\src\hooks\db\useFeed.js", "JavaScript", 0, 85, 0, 0, 17, 102
"c:\Users\HP\Documents\Courses\react.js\trendy-blog\src\hooks\db\useLikes.js", "JavaScript", 0, 71, 0, 1, 17, 89
"c:\Users\HP\Documents\Courses\react.js\trendy-blog\src\hooks\db\usePostAnalytics.js", "JavaScript", 0, 64, 0, 0, 22, 86
"c:\Users\HP\Documents\Courses\react.js\trendy-blog\src\hooks\db\useStats.js", "JavaScript", 0, 88, 0, 0, 19, 107
"c:\Users\HP\Documents\Courses\react.js\trendy-blog\src\hooks\db\useUploadAvatar.js", "JavaScript", 0, 89, 0, 1, 24, 114
"c:\Users\HP\Documents\Courses\react.js\trendy-blog\src\hooks\useAlert.js", "JavaScript", 0, 21, 0, 0, 6, 27
"c:\Users\HP\Documents\Courses\react.js\trendy-blog\src\hooks\useClickOutside.js", "JavaScript", 0, 14, 0, 0, 5, 19
"c:\Users\HP\Documents\Courses\react.js\trendy-blog\src\hooks\useDarkMode.js", "JavaScript", 0, 7, 0, 0, 3, 10
"c:\Users\HP\Documents\Courses\react.js\trendy-blog\src\hooks\useWindowSize.js", "JavaScript", 0, 20, 0, 0, 8, 28
"c:\Users\HP\Documents\Courses\react.js\trendy-blog\src\icons\AccountAdd.js", "JavaScript", 0, 14, 0, 0, 2, 16
"c:\Users\HP\Documents\Courses\react.js\trendy-blog\src\icons\Add.js", "JavaScript", 0, 11, 0, 0, 2, 13
"c:\Users\HP\Documents\Courses\react.js\trendy-blog\src\icons\BackArrow.js", "JavaScript", 0, 15, 0, 0, 2, 17
"c:\Users\HP\Documents\Courses\react.js\trendy-blog\src\icons\Close.js", "JavaScript", 0, 14, 0, 0, 2, 16
"c:\Users\HP\Documents\Courses\react.js\trendy-blog\src\icons\Comment.js", "JavaScript", 0, 14, 0, 0, 2, 16
"c:\Users\HP\Documents\Courses\react.js\trendy-blog\src\icons\Community.js", "JavaScript", 0, 18, 0, 0, 2, 20
"c:\Users\HP\Documents\Courses\react.js\trendy-blog\src\icons\DownArrow.js", "JavaScript", 0, 18, 0, 0, 2, 20
"c:\Users\HP\Documents\Courses\react.js\trendy-blog\src\icons\Edit.js", "JavaScript", 0, 14, 0, 0, 2, 16
"c:\Users\HP\Documents\Courses\react.js\trendy-blog\src\icons\Eye.js", "JavaScript", 0, 14, 0, 0, 2, 16
"c:\Users\HP\Documents\Courses\react.js\trendy-blog\src\icons\Facebook.js", "JavaScript", 0, 18, 0, 0, 2, 20
"c:\Users\HP\Documents\Courses\react.js\trendy-blog\src\icons\Flash.js", "JavaScript", 0, 14, 0, 0, 2, 16
"c:\Users\HP\Documents\Courses\react.js\trendy-blog\src\icons\Heart.js", "JavaScript", 0, 20, 0, 0, 2, 22
"c:\Users\HP\Documents\Courses\react.js\trendy-blog\src\icons\ImageIcon.js", "JavaScript", 0, 14, 0, 0, 2, 16
"c:\Users\HP\Documents\Courses\react.js\trendy-blog\src\icons\Instagram.js", "JavaScript", 0, 14, 0, 0, 2, 16
"c:\Users\HP\Documents\Courses\react.js\trendy-blog\src\icons\LinkedIn.js", "JavaScript", 0, 17, 0, 0, 2, 19
"c:\Users\HP\Documents\Courses\react.js\trendy-blog\src\icons\Lock.js", "JavaScript", 0, 14, 0, 0, 2, 16
"c:\Users\HP\Documents\Courses\react.js\trendy-blog\src\icons\Mail.js", "JavaScript", 0, 14, 0, 0, 2, 16
"c:\Users\HP\Documents\Courses\react.js\trendy-blog\src\icons\Menu.js", "JavaScript", 0, 19, 0, 0, 2, 21
"c:\Users\HP\Documents\Courses\react.js\trendy-blog\src\icons\MenuClose.js", "JavaScript", 0, 19, 0, 0, 2, 21
"c:\Users\HP\Documents\Courses\react.js\trendy-blog\src\icons\NavIcons\Add.js", "JavaScript", 0, 14, 0, 0, 1, 15
"c:\Users\HP\Documents\Courses\react.js\trendy-blog\src\icons\NavIcons\Bookmark.js", "JavaScript", 0, 14, 0, 0, 1, 15
"c:\Users\HP\Documents\Courses\react.js\trendy-blog\src\icons\NavIcons\Categories.js", "JavaScript", 0, 18, 0, 0, 2, 20
"c:\Users\HP\Documents\Courses\react.js\trendy-blog\src\icons\NavIcons\Draft.js", "JavaScript", 0, 20, 0, 0, 2, 22
"c:\Users\HP\Documents\Courses\react.js\trendy-blog\src\icons\NavIcons\ExploreIcon.js", "JavaScript", 0, 14, 0, 0, 2, 16
"c:\Users\HP\Documents\Courses\react.js\trendy-blog\src\icons\NavIcons\Feed.js", "JavaScript", 0, 15, 0, 0, 2, 17
"c:\Users\HP\Documents\Courses\react.js\trendy-blog\src\icons\NavIcons\Following.js", "JavaScript", 0, 23, 0, 0, 2, 25
"c:\Users\HP\Documents\Courses\react.js\trendy-blog\src\icons\NavIcons\Hashtag.js", "JavaScript", 0, 14, 0, 0, 1, 15
"c:\Users\HP\Documents\Courses\react.js\trendy-blog\src\icons\NavIcons\HomeIcon.js", "JavaScript", 0, 14, 0, 0, 2, 16
"c:\Users\HP\Documents\Courses\react.js\trendy-blog\src\icons\NavIcons\Logout.js", "JavaScript", 0, 14, 0, 0, 2, 16
"c:\Users\HP\Documents\Courses\react.js\trendy-blog\src\icons\NavIcons\Moon.js", "JavaScript", 0, 15, 0, 0, 2, 17
"c:\Users\HP\Documents\Courses\react.js\trendy-blog\src\icons\NavIcons\Notification.js", "JavaScript", 0, 14, 0, 0, 2, 16
"c:\Users\HP\Documents\Courses\react.js\trendy-blog\src\icons\NavIcons\People.js", "JavaScript", 0, 21, 0, 0, 2, 23
"c:\Users\HP\Documents\Courses\react.js\trendy-blog\src\icons\NavIcons\ProfileIcon.js", "JavaScript", 0, 18, 0, 0, 2, 20
"c:\Users\HP\Documents\Courses\react.js\trendy-blog\src\icons\NavIcons\Settings.js", "JavaScript", 0, 20, 0, 0, 2, 22
"c:\Users\HP\Documents\Courses\react.js\trendy-blog\src\icons\NavIcons\Stats.js", "JavaScript", 0, 15, 0, 0, 2, 17
"c:\Users\HP\Documents\Courses\react.js\trendy-blog\src\icons\Pen.js", "JavaScript", 0, 14, 0, 0, 2, 16
"c:\Users\HP\Documents\Courses\react.js\trendy-blog\src\icons\RightArrow.js", "JavaScript", 0, 23, 0, 0, 2, 25
"c:\Users\HP\Documents\Courses\react.js\trendy-blog\src\icons\SearchIcon.js", "JavaScript", 0, 14, 0, 0, 2, 16
"c:\Users\HP\Documents\Courses\react.js\trendy-blog\src\icons\Share.js", "JavaScript", 0, 21, 0, 0, 2, 23
"c:\Users\HP\Documents\Courses\react.js\trendy-blog\src\icons\TrendingUp.js", "JavaScript", 0, 14, 0, 0, 2, 16
"c:\Users\HP\Documents\Courses\react.js\trendy-blog\src\icons\Upload.js", "JavaScript", 0, 14, 0, 0, 2, 16
"c:\Users\HP\Documents\Courses\react.js\trendy-blog\src\icons\User.js", "JavaScript", 0, 15, 0, 0, 2, 17
"c:\Users\HP\Documents\Courses\react.js\trendy-blog\src\icons\X.js", "JavaScript", 0, 14, 0, 0, 2, 16
"c:\Users\HP\Documents\Courses\react.js\trendy-blog\src\icons\close-sidebar.js", "JavaScript", 0, 21, 0, 0, 2, 23
"c:\Users\HP\Documents\Courses\react.js\trendy-blog\src\icons\delete-icon.js", "JavaScript", 0, 14, 0, 0, 2, 16
"c:\Users\HP\Documents\Courses\react.js\trendy-blog\src\icons\feedback.js", "JavaScript", 0, 17, 0, 0, 2, 19
"c:\Users\HP\Documents\Courses\react.js\trendy-blog\src\icons\filled-global-bookmark.js", "JavaScript", 0, 14, 0, 0, 2, 16
"c:\Users\HP\Documents\Courses\react.js\trendy-blog\src\icons\filter.js", "JavaScript", 0, 14, 0, 0, 2, 16
"c:\Users\HP\Documents\Courses\react.js\trendy-blog\src\icons\global-bookmark.js", "JavaScript", 0, 14, 0, 0, 1, 15
"c:\Users\HP\Documents\Courses\react.js\trendy-blog\src\icons\logout.js", "JavaScript", 0, 18, 0, 0, 2, 20
"c:\Users\HP\Documents\Courses\react.js\trendy-blog\src\icons\more.js", "JavaScript", 0, 15, 0, 0, 2, 17
"c:\Users\HP\Documents\Courses\react.js\trendy-blog\src\icons\no-eye.js", "JavaScript", 0, 14, 0, 0, 1, 15
"c:\Users\HP\Documents\Courses\react.js\trendy-blog\src\icons\open-sidebar.js", "JavaScript", 0, 21, 0, 0, 2, 23
"c:\Users\HP\Documents\Courses\react.js\trendy-blog\src\icons\person.js", "JavaScript", 0, 14, 0, 0, 2, 16
"c:\Users\HP\Documents\Courses\react.js\trendy-blog\src\icons\read-line.js", "JavaScript", 0, 18, 0, 0, 2, 20
"c:\Users\HP\Documents\Courses\react.js\trendy-blog\src\icons\read.js", "JavaScript", 0, 14, 0, 0, 2, 16
"c:\Users\HP\Documents\Courses\react.js\trendy-blog\src\icons\stats-icons\Comment.js", "JavaScript", 0, 14, 0, 0, 2, 16
"c:\Users\HP\Documents\Courses\react.js\trendy-blog\src\icons\stats-icons\Eye.js", "JavaScript", 0, 14, 0, 0, 2, 16
"c:\Users\HP\Documents\Courses\react.js\trendy-blog\src\icons\stats-icons\book.js", "JavaScript", 0, 18, 0, 0, 2, 20
"c:\Users\HP\Documents\Courses\react.js\trendy-blog\src\icons\stats-icons\like.js", "JavaScript", 0, 18, 0, 0, 2, 20
"c:\Users\HP\Documents\Courses\react.js\trendy-blog\src\icons\sun.js", "JavaScript", 0, 14, 0, 0, 2, 16
"c:\Users\HP\Documents\Courses\react.js\trendy-blog\src\index.css", "PostCSS", 42, 0, 0, 0, 7, 49
"c:\Users\HP\Documents\Courses\react.js\trendy-blog\src\index.js", "JavaScript", 0, 17, 0, 0, 2, 19
"c:\Users\HP\Documents\Courses\react.js\trendy-blog\src\lib\supabase.js", "JavaScript", 0, 6, 0, 0, 3, 9
"c:\Users\HP\Documents\Courses\react.js\trendy-blog\src\logo.svg", "XML", 0, 0, 1, 0, 0, 1
"c:\Users\HP\Documents\Courses\react.js\trendy-blog\src\pages\Auth\AuthPage.css", "PostCSS", 111, 0, 0, 0, 21, 132
"c:\Users\HP\Documents\Courses\react.js\trendy-blog\src\pages\Auth\AuthPage.js", "JavaScript", 0, 59, 0, 0, 7, 66
"c:\Users\HP\Documents\Courses\react.js\trendy-blog\src\pages\app\NewPost\NewPostPage.css", "PostCSS", 162, 0, 0, 0, 27, 189
"c:\Users\HP\Documents\Courses\react.js\trendy-blog\src\pages\app\NewPost\NewPostPage.js", "JavaScript", 0, 321, 0, 56, 37, 414
"c:\Users\HP\Documents\Courses\react.js\trendy-blog\src\pages\app\ProfilePage\ProfilePage.css", "PostCSS", 181, 0, 0, 0, 29, 210
"c:\Users\HP\Documents\Courses\react.js\trendy-blog\src\pages\app\ProfilePage\ProfilePage.js", "JavaScript", 0, 292, 0, 5, 41, 338
"c:\Users\HP\Documents\Courses\react.js\trendy-blog\src\pages\app\Settings\SettingsPage.css", "PostCSS", 94, 0, 0, 0, 12, 106
"c:\Users\HP\Documents\Courses\react.js\trendy-blog\src\pages\app\Settings\SettingsPage.js", "JavaScript", 0, 72, 0, 0, 7, 79
"c:\Users\HP\Documents\Courses\react.js\trendy-blog\src\pages\app\bookmarksPage\bookmarks-page.js", "JavaScript", 0, 243, 0, 0, 14, 257
"c:\Users\HP\Documents\Courses\react.js\trendy-blog\src\pages\app\category-page\category-page.js", "JavaScript", 0, 18, 0, 0, 4, 22
"c:\Users\HP\Documents\Courses\react.js\trendy-blog\src\pages\app\draftsPage\drafts-page.js", "JavaScript", 0, 68, 0, 0, 9, 77
"c:\Users\HP\Documents\Courses\react.js\trendy-blog\src\pages\app\feed\Feed.js", "JavaScript", 0, 87, 0, 1, 13, 101
"c:\Users\HP\Documents\Courses\react.js\trendy-blog\src\pages\app\notifications-page\notifications-page.js", "JavaScript", 0, 124, 0, 0, 14, 138
"c:\Users\HP\Documents\Courses\react.js\trendy-blog\src\pages\app\statsPage\stats-page.js", "JavaScript", 0, 136, 0, 15, 23, 174
"c:\Users\HP\Documents\Courses\react.js\trendy-blog\src\pages\app\trending-page\trending-page.js", "JavaScript", 0, 18, 0, 0, 4, 22
"c:\Users\HP\Documents\Courses\react.js\trendy-blog\src\pages\landing page\LandingPage.css", "PostCSS", 872, 0, 0, 3, 141, 1016
"c:\Users\HP\Documents\Courses\react.js\trendy-blog\src\pages\landing page\LandingPage.js", "JavaScript", 0, 613, 0, 54, 45, 712
"c:\Users\HP\Documents\Courses\react.js\trendy-blog\src\pages\layout\app-layout.css", "PostCSS", 86, 0, 0, 1, 19, 106
"c:\Users\HP\Documents\Courses\react.js\trendy-blog\src\pages\layout\app-layout.js", "JavaScript", 0, 176, 0, 6, 25, 207
"c:\Users\HP\Documents\Courses\react.js\trendy-blog\src\pages\missing\Missing.js", "JavaScript", 0, 39, 0, 0, 6, 45
"c:\Users\HP\Documents\Courses\react.js\trendy-blog\src\pages\search result\SearchResult.css", "PostCSS", 12, 0, 0, 0, 2, 14
"c:\Users\HP\Documents\Courses\react.js\trendy-blog\src\pages\search result\SearchResult.js", "JavaScript", 0, 9, 0, 0, 3, 12
"c:\Users\HP\Documents\Courses\react.js\trendy-blog\src\store\store.js", "JavaScript", 0, 144, 0, 0, 8, 152
"c:\Users\HP\Documents\Courses\react.js\trendy-blog\src\utils\deleteAvatar.js", "JavaScript", 0, 38, 0, 0, 11, 49
"c:\Users\HP\Documents\Courses\react.js\trendy-blog\src\utils\getAvatarUrl.js", "JavaScript", 0, 8, 0, 0, 5, 13
"c:\Users\HP\Documents\Courses\react.js\trendy-blog\src\utils\getUser.js", "JavaScript", 0, 21, 0, 1, 8, 30
"c:\Users\HP\Documents\Courses\react.js\trendy-blog\src\utils\setUserDetails.js", "JavaScript", 0, 15, 0, 9, 6, 30
"c:\Users\HP\Documents\Courses\react.js\trendy-blog\src\utils\updatePassword.js", "JavaScript", 0, 25, 0, 0, 7, 32
"Total", "-", 2535, 7721, 1, 444, 1356, 12057